<?xml version="1.0" encoding="UTF-8"?>
<configuration>

    <property name="LOG_DIR_PATH" value="${LOG_FOLDER:-../log}" />

    <appender name="ROLLING-LOG"
        class="ch.qos.logback.core.rolling.RollingFileAppender">
        <file>${LOG_DIR_PATH}/fc.log</file>
        <rollingPolicy
            class="ch.qos.logback.core.rolling.SizeAndTimeBasedRollingPolicy">
            <fileNamePattern>${LOG_DIR_PATH}/archived/fc_%d{yyyy-MM-dd}.%i.log
            </fileNamePattern>
            <maxFileSize>5MB</maxFileSize>
            <maxHistory>100</maxHistory>
            <totalSizeCap>500MB</totalSizeCap>
            <cleanHistoryOnStart>true</cleanHistoryOnStart>
        </rollingPolicy>
        <encoder>
            <Pattern>%d{dd-MM-yyyy HH:mm:ss.SSS} %-5level %logger{36}.%M - %msg%n</Pattern>
        </encoder>
    </appender>

    <appender name="STDOUT" class="ch.qos.logback.core.ConsoleAppender">
        <encoder>
            <Pattern>%d{dd-MM-yyyy HH:mm:ss.SSS} %-5level %logger{36}.%M - %msg%n</Pattern>
        </encoder>
    </appender>

    <springProfile name="local,default">
        <logger name="org.springframework.web" level="INFO" additivity="false">
            <appender-ref ref="STDOUT" />
            <appender-ref ref="ROLLING-LOG" />
        </logger>
        
        <logger name="com.mediaservices.c2c.fc" level="DEBUG" additivity="false">
            <appender-ref ref="STDOUT" />
            <appender-ref ref="ROLLING-LOG" />
        </logger>
        
        <logger name="org.hibernate.SQL" level="DEBUG" additivity="false">
            <appender-ref ref="ROLLING-LOG" />
        </logger>

        <root level="info" additivity="false">
            <appender-ref ref="STDOUT" />
            <appender-ref ref="ROLLING-LOG" />
        </root>

    </springProfile>

    <springProfile name="!local, !default">
        <logger name="org.springframework.web" level="INFO" additivity="false">
            <appender-ref ref="ROLLING-LOG" />
        </logger>
        
        <logger name="com.mediaservices.c2c.fc" level="DEBUG" additivity="false">
            <appender-ref ref="ROLLING-LOG" />
        </logger>

        <root level="info" additivity="false">
            <appender-ref ref="ROLLING-LOG" />
        </root>
    </springProfile>
</configuration>