{
  "$schema": "./node_modules/@angular/cli/lib/config/schema.json",
  "project": {
    "name": "feature-casting-ui"
  },
  "apps": [
    {
      "root": "src",
      "outDir": "dist",
      "assets": [
        "assets",
        "favicon.ico",
        { "glob": "**/*", "input": "../node_modules/c2c-common-lib/src/assets/images", "output": "assets/images" }
      ],
      "index": "index.html",
      "main": "main.ts",
      "polyfills": "polyfills.ts",
      "test": "test.ts",
      "tsconfig": "tsconfig.app.json",
      "testTsconfig": "tsconfig.spec.json",
      "prefix": "fc",
      "styles": [
        "sass/styles.scss",
        "../node_modules/c2c-common-lib/src/assets/sass/c2c-common.scss",
        "../node_modules/ag-grid/dist/styles/ag-grid.css",
        "../node_modules/ag-grid/dist/styles/ag-theme-balham.css",
        "../node_modules/ng2-toastr/bundles/ng2-toastr.min.css",
        "../node_modules/@ng-select/ng-select/themes/default.theme.css",
        "../node_modules/jquery-datetimepicker/build/jquery.datetimepicker.min.css",
        "../src/assets/sass/jquery.datetimepicker.css"
      ],
      "scripts": [
        "../node_modules/jquery/dist/jquery.min.js",
        "../node_modules/tether/dist/js/tether.min.js",
        "../node_modules/popper.js/dist/umd/popper.min.js",
        "../node_modules/bootstrap/dist/js/bootstrap.min.js",
        "../node_modules/jquery-datetimepicker/build/jquery.datetimepicker.full.min.js",
        "../src/assets/js/jquery.datetimepicker.full.js",
        "../src/assets/js/moment.min.js"
      ],
      "environmentSource": "environments/environment.ts",
      "environments": {
        "dev": "environments/environment.ts",
        "qa": "environments/environment.qa.ts",
        "prod": "environments/environment.prod.ts"
      }
    }
  ],
  "e2e": {
    "protractor": {
      "config": "./protractor.conf.js"
    }
  },
  "lint": [
    {
      "project": "src/tsconfig.app.json",
      "exclude": "**/node_modules/**"
    },
    {
      "project": "src/tsconfig.spec.json",
      "exclude": "**/node_modules/**"
    },
    {
      "project": "e2e/tsconfig.e2e.json",
      "exclude": "**/node_modules/**"
    }
  ],
  "test": {
    "karma": {
      "config": "./karma.conf.js"
    }
  },
  "defaults": {
    "styleExt": "scss",
    "component": {}
  }
}
